Indumento,Classe
Active pants,Sport
Active shirt,Sport
Active shorts,Sport
Athletic shoe,Shoes
Ballet shoe,Shoes
Basketball shoe,Shoes
Bermuda shorts,Casual
Bicycle shoe,Shoes
Blazer,Casual
Bluejacket,Casual
Board short,Casual
Bolero jacket,Formal
Boot,Casual
Bowling shirt,Casual
Bridal party dress,Formal
Cargo pants,Casual
Casual dress,Casual
Chelsea boot,Casual
Climbing shoe,Shoes
Cocktail dress,Formal
Cowboy boot,Casual
Crop top,Casual
Cycling shoe,Shoes
Dance dress,Sport
Dancing shoe,Shoes
Denim,Casual
Downhill ski boot,Sport
Dress shirt,Formal
Dress shoe,Shoes
Dress,Casual
Durango boot,Casual
Eyewear,Glasses
Formal wear,Formal
Gardening shoe,Shoes
Glasses,Glasses
Goggles,Glasses
Golf shoe,Sport
Headgear,Healthy
Hiking boot,Casual
Hockey pants,Sport
Jacket,Casual
Jeans,Casual
Jelly shoe,Shoes
Khaki pants,Casual
Knee-high boot,Formal
Leather jacket,Casual
Little black dress,Casual
Long-sleeved t-shirt,Casual
Motorcycle boot,Sport
Neck brace,Healthy
Necklace,Jewelry
Nike free,Sport
Outerwear,Casual
Oxford shoe,Shoes
Pantsuit,Formal
Plimsoll shoe,Shoes
Pointe shoe,Shoes
Polo shirt,Casual
Polo,Casual
Rain boot,Casual
Rain pants,Casual
Ranch dressing,Nature
Riding boot,Sport
Rings,Jewelry
Rugby boot,Sport
Rugby shirt,Sport
Rugby short,Sport
Running shoe,Shoes
Sheath dress,Casual
Shoe care,Shoes
Shoe,Shoes
Shoes,Shoes
Shorts,Casual
Skate shoe,Shoes
Ski boot,Sport
Sleeveless shirt,Casual
Slip-on shoe,Shoes
Snow boot,Casual
Snowboardboot,Sport
Snowshoe,Shoes
Sportswear,Sport
Steel-toe boot,Casual
Strapless dress,Formal
Street fashion,Casual
Suit trousers,Formal
Suit,Formal
Sunglasses,Glasses
Sunglasses,Glasses
Sweatshirt,Sport
Swim brief,Casual
Swimwear,Casual
Top,Undergarment
Trousers,Casual
T-shirt,Casual
Underpants,Undergarment
Undershirt,Casual
Water shoe,Shoes
Wedding dress,Formal
White-collar worker,Formal
Work boots,Casual
Wrap dress,Casual
Wrestling shoe,Shoes
Tie,Formal
